Mix Name,Material Source,Cement (kg/m3),Fly Ash (kg/m3),Slag (kg/m3),Water (kg/m3),HRWR (kg/m3),Fine Aggregate (kg/m3),Coarse Aggregates (kg/m3),Temp (C),Time,GWP,Strength1 (psi),Strength2 (psi),Strength3 (psi),Strength (Mean),Strength (Std),# of measurements,Slump (in)
M1,0,353.33,46.67,266.67,140,6.67,1833,0,22,1,321.57,5098,4960,4943,5000,85,3,
M1,0,353.33,46.67,266.67,140,6.67,1833,0,22,3,321.57,7018,7293,7395,7235,195,3,
M1,0,353.33,46.67,266.67,140,6.67,1833,0,22,5,321.57,7498,7438,7018,7318,262,3,
M1,0,353.33,46.67,266.67,140,6.67,1833,0,22,28,321.57,,10348,11370,10859,723,2,
M2,0,214.67,220,232,159,4,1833,0,22,1,209.2,3295,3475,3550,3440,131,3,
M2,0,214.67,220,232,159,4,1833,0,22,3,209.2,,4810,4300,4555,361,2,
M2,0,214.67,220,232,159,4,1833,0,22,5,209.2,4885,,4375,4630,361,2,
M2,0,214.67,220,232,159,4,1833,0,22,28,209.2,5708,,5765,5737,40,2,
M3,0,344,178.67,144,299,0,1833,0,22,1,284.69,1380,1478,1660,1506,142,3,
M3,0,344,178.67,144,299,0,1833,0,22,3,284.69,2993,2883,2878,2918,65,3,
M3,0,344,178.67,144,299,0,1833,0,22,5,284.69,3355,3698,3858,3637,257,3,
M3,0,344,178.67,144,299,0,1833,0,22,28,284.69,6713,6593,,6653,85,2,
M4,0,212,214.67,240,175,0,1833,0,22,1,194.01,2883,3278,3183,3115,206,3,
M4,0,212,214.67,240,175,0,1833,0,22,3,194.01,4098,4013,4730,4280,392,3,
M4,0,212,214.67,240,175,0,1833,0,22,5,194.01,4275,4013,4635,4308,312,3,
M4,0,212,214.67,240,175,0,1833,0,22,28,194.01,,4480,4870,4675,276,2,
M5,0,317.33,221.33,128,233,0,1833,0,22,1,263.93,,2885,2595,2740,205,2,
M5,0,317.33,221.33,128,233,0,1833,0,22,3,263.93,4238,4720,3983,4314,374,3,
M5,0,317.33,221.33,128,233,0,1833,0,22,5,263.93,4448,4485,4353,4429,68,3,
M5,0,317.33,221.33,128,233,0,1833,0,22,28,263.93,7897,8520,7273,7897,624,3,
M6,0,454.67,158.67,53.33,155,4,1833,0,22,1,375.06,6978,6285,,6632,490,2,
M6,0,454.67,158.67,53.33,155,4,1833,0,22,3,375.06,7558,7605,6743,7302,485,3,
M6,0,454.67,158.67,53.33,155,4,1833,0,22,28,375.06,8515,8603,9970,9029,816,3,
M7,0,436,33.33,197.33,256,0,1833,0,22,1,355.1,3225,3570,3438,3411,174,3,
M7,0,436,33.33,197.33,256,0,1833,0,22,3,355.1,5143,5250,4630,5008,331,3,
M7,0,436,33.33,197.33,256,0,1833,0,22,5,355.1,5525,5185,5213,5308,189,3,
M7,0,436,33.33,197.33,256,0,1833,0,22,28,355.1,6178,6813,6950,6647,412,3,
M8,0,318.67,52,296,317,0,1833,0,22,1,274.84,1608,1725,1645,1659,60,3,
M8,0,318.67,52,296,317,0,1833,0,22,3,274.84,2985,2683,3013,2894,183,3,
M8,0,318.67,52,296,317,0,1833,0,22,5,274.84,3555,3638,3978,3724,224,3,
M8,0,318.67,52,296,317,0,1833,0,22,28,274.84,6170,5340,5848,5786,418,3,
M9,0,265.33,164,237.33,185,1.33,1833,0,22,1,237.52,3708,3393,3495,3532,161,3,
M9,0,265.33,164,237.33,185,1.33,1833,0,22,3,237.52,5048,5460,5060,5189,234,3,
M9,0,265.33,164,237.33,185,1.33,1833,0,22,5,237.52,5503,5463,5738,5568,149,3,
M9,0,265.33,164,237.33,185,1.33,1833,0,22,28,237.52,8333,8598,9125,8685,403,3,
M10,0,529.6,0,137.07,276,0,1833,0,22,1,420.58,2995,3173,,3084,126,2,
M10,0,529.6,0,137.07,276,0,1833,0,22,3,420.58,4273,4355,4673,4434,211,3,
M10,0,529.6,0,137.07,276,0,1833,0,22,5,420.58,4870,,5355,5113,343,2,
M10,0,529.6,0,137.07,276,0,1833,0,22,28,420.58,6993,6993,6038,6675,551,3,
M11,0,503.07,163.6,0,237,0,1833,0,22,1,393.12,4123,4270,3925,4106,173,3,
M11,0,503.07,163.6,0,237,0,1833,0,22,3,393.12,5088,5183,4975,5082,104,3,
M11,0,503.07,163.6,0,237,0,1833,0,22,5,393.12,,5950,6328,6139,267,2,
M11,0,503.07,163.6,0,237,0,1833,0,22,28,393.12,6465,,7140,6803,477,2,
M12,0,495.2,0,171.47,297,0,1833,0,22,1,396.8,3025,3180,2975,3060,107,3,
M12,0,495.2,0,171.47,297,0,1833,0,22,3,396.8,4025,4193,4193,4137,97,3,
M12,0,495.2,0,171.47,297,0,1833,0,22,5,396.8,4920,4313,4785,4673,319,3,
M12,0,495.2,0,171.47,297,0,1833,0,22,28,396.8,,6533,7080,6807,387,2,
M13,0,553.87,112.8,0,235,0,1833,0,22,1,430.5,4555,4025,4625,4402,328,3,
M13,0,553.87,112.8,0,235,0,1833,0,22,3,430.5,5690,5878,5450,5673,215,3,
M13,0,553.87,112.8,0,235,0,1833,0,22,5,430.5,6013,6508,5783,6101,370,3,
M13,0,553.87,112.8,0,235,0,1833,0,22,28,430.5,8243,6973,7763,7660,641,3,
M14,0,333.6,0,333.07,265,0,1833,0,22,1,287.9,2320,2510,2065,2298,223,3,
M14,0,333.6,0,333.07,265,0,1833,0,22,3,287.9,4090,4060,4320,4157,142,3,
M14,0,333.6,0,333.07,265,0,1833,0,22,5,287.9,5055,5255,5070,5127,111,3,
M14,0,333.6,0,333.07,265,0,1833,0,22,28,287.9,7520,7213,7570,7434,193,3,
M15,0,466.67,0,200,133,8.67,1833,0,22,1,408.54,9095,8013,,8554,765,2,
M15,0,466.67,0,200,133,8.67,1833,0,22,3,408.54,10043,,9930,9987,80,2,
M15,0,466.67,0,200,133,8.67,1833,0,22,28,408.54,,11638,12075,11857,309,2,
M16,0,411.6,29.07,226,133,8.67,1833,0,22,1,369.69,6590,5788,5768,6049,469,3,
M16,0,411.6,29.07,226,133,8.67,1833,0,22,3,369.69,6700,,7375,7038,477,2,
M16,0,411.6,29.07,226,133,8.67,1833,0,22,5,369.69,6843,,7298,7071,322,2,
M16,0,411.6,29.07,226,133,8.67,1833,0,22,28,369.69,,11615,10238,10927,974,2,
M17,0,362.93,42.93,260.8,133,8.67,1833,0,22,1,335.74,6295,6695,6115,6368,297,3,
M17,0,362.93,42.93,260.8,133,8.67,1833,0,22,3,335.74,8170,9558,8810,8846,695,3,
M17,0,362.93,42.93,260.8,133,8.67,1833,0,22,5,335.74,9498,10913,10595,10335,742,3,
M17,0,362.93,42.93,260.8,133,8.67,1833,0,22,28,335.74,10175,10438,10438,10350,152,3,
M18,0,277.47,118,271.2,133,8.67,1833,0,22,1,273.23,,4885,4423,4654,327,2,
M18,0,277.47,118,271.2,133,8.67,1833,0,22,3,273.23,7880,7405,7278,7521,317,3,
M18,0,277.47,118,271.2,133,8.67,1833,0,22,5,273.23,8435,9195,,8815,537,2,
M18,0,277.47,118,271.2,133,8.67,1833,0,22,28,273.23,11263,10743,11590,11199,427,3,
M19,0,200.67,172.53,293.47,167,3.33,1833,0,22,1,200.1,3035,3063,3218,3105,99,3,
M19,0,200.67,172.53,293.47,167,3.33,1833,0,22,3,200.1,4220,4525,4653,4466,222,3,
M19,0,200.67,172.53,293.47,167,3.33,1833,0,22,5,200.1,5440,5430,5448,5439,9,3,
M19,0,200.67,172.53,293.47,167,3.33,1833,0,22,28,200.1,8695,,9483,9089,557,2,
M20,0,322.13,82.8,261.73,149,6.67,1833,0,22,1,298.65,5930,5988,5410,5776,318,3,
M20,0,322.13,82.8,261.73,149,6.67,1833,0,22,3,298.65,7660,7448,8348,7819,471,3,
M20,0,322.13,82.8,261.73,149,6.67,1833,0,22,5,298.65,9698,9365,8573,9212,578,3,
M20,0,322.13,82.8,261.73,149,6.67,1833,0,22,28,298.65,12980,11938,10783,11900,1099,3,
M21,0,293.33,73.33,300,133,8.67,1833,0,22,1,286.59,5008,4363,4178,4516,436,3,
M21,0,293.33,73.33,300,133,8.67,1833,0,22,3,286.59,8050,8063,7695,7936,209,3,
M21,0,293.33,73.33,300,133,8.67,1833,0,22,5,286.59,7720,8790,8323,8278,536,3,
M21,0,293.33,73.33,300,133,8.67,1833,0,22,28,286.59,,9043,9835,9439,560,2,
M22,0,229.33,137.33,300,133,8.67,1833,0,22,1,239.68,4093,,3960,4027,94,2,
M22,0,229.33,137.33,300,133,8.67,1833,0,22,3,239.68,,6770,6333,6552,309,2,
M22,0,229.33,137.33,300,133,8.67,1833,0,22,5,239.68,9653,,8675,9164,692,2,
M22,0,229.33,137.33,300,133,8.67,1833,0,22,28,239.68,9815,9045,8818,9226,523,3,
M23,0,395.33,45.2,226.13,133,8.67,1833,0,22,1,357.2,5943,6130,,6037,132,2,
M23,0,395.33,45.2,226.13,133,8.67,1833,0,22,3,357.2,8210,7508,7693,7804,364,3,
M23,0,395.33,45.2,226.13,133,8.67,1833,0,22,5,357.2,8550,9833,8443,8942,773,3,
M23,0,395.33,45.2,226.13,133,8.67,1833,0,22,28,357.2,8785,10105,10198,9696,790,3,
M24,0,305.07,125.87,235.73,133,8.67,1833,0,22,1,291.83,4785,5168,4665,4873,263,3,
M24,0,305.07,125.87,235.73,133,8.67,1833,0,22,3,291.83,7378,7978,7203,7520,406,3,
M24,0,305.07,125.87,235.73,133,8.67,1833,0,22,5,291.83,,8468,8468,8468,0,2,
M24,0,305.07,125.87,235.73,133,8.67,1833,0,22,28,291.83,9650,10795,10470,10305,590,3,
M25,0,408.13,108.53,150,139,8.67,1833,0,22,1,362.5,5460,4763,5503,5242,415,3,
M25,0,408.13,108.53,150,139,8.67,1833,0,22,3,362.5,6930,6910,6733,6858,108,3,
M25,0,408.13,108.53,150,139,8.67,1833,0,22,5,362.5,,8465,7450,7958,718,2,
M25,0,408.13,108.53,150,139,8.67,1833,0,22,28,362.5,,8720,7783,8252,663,2,
M26,0,340.8,101.07,224.8,133,8.67,1833,0,22,1,317.6,4793,5140,4883,4939,180,3,
M26,0,340.8,101.07,224.8,133,8.67,1833,0,22,3,317.6,,7700,7810,7755,78,2,
M26,0,340.8,101.07,224.8,133,8.67,1833,0,22,5,317.6,,8023,8020,8022,2,2,
M26,0,340.8,101.07,224.8,133,8.67,1833,0,22,28,317.6,9630,9683,,9657,37,2,
M27,0,272.67,80.93,179.87,133,8.67,1833,0,22,1,261.38,3093,2825,3090,3003,154,3,
M27,0,272.67,80.93,179.87,133,8.67,1833,0,22,3,261.38,,4319,4781,4550,327,2,
M27,0,272.67,80.93,179.87,133,8.67,1833,0,22,5,261.38,,6108,6216,6162,76,2,
M27,0,272.67,80.93,179.87,133,8.67,1833,0,22,28,261.38,8388,7530,7933,7950,429,3,
M28,0,229.33,137.33,300,200,0,1833,0,22,1,209.07,1983,2235,2305,2174,169,3,
M28,0,229.33,137.33,300,200,0,1833,0,22,3,209.07,3993,4490,3730,4071,386,3,
M28,0,229.33,137.33,300,200,0,1833,0,22,28,209.07,9265,,8955,9110,219,2,
M29,0,229.33,300,137.33,200,0,1833,0,22,1,199.94,2075,2113,1948,2045,86,3,
M29,0,229.33,300,137.33,200,0,1833,0,22,5,199.94,5035,5485,,5260,318,2,
M29,0,229.33,300,137.33,200,0,1833,0,22,28,199.94,6188,5670,6578,6145,456,3,
M30,0,160.53,138,234.8,167,3.33,1967,0,22,1,162.86,1368,1550,1445,1454,91,3,
M30,0,160.53,138,234.8,167,3.33,1967,0,22,3,162.86,2835,2923,,2879,62,2,
M30,0,160.53,138,234.8,167,3.33,1967,0,22,5,162.86,3315,3423,3583,3440,135,3,
M30,0,160.53,138,234.8,167,3.33,1967,0,22,28,162.86,,6293,5725,6009,402,2,
M31,0,240.8,207.07,352.13,167,3.33,1700,0,22,1,236.28,3133,3600,3538,3424,254,3,
M31,0,240.8,207.07,352.13,167,3.33,1700,0,22,3,236.28,6715,6720,6733,6723,9,3,
M31,0,240.8,207.07,352.13,167,3.33,1700,0,22,5,236.28,,7670,7355,7513,223,2,
M31,0,240.8,207.07,352.13,167,3.33,1700,0,22,28,236.28,12430,11240,10400,11357,1020,3,
M32,0,412,29.33,226.67,133,8.67,1833,0,4.5,1,369.69,2015,2088,2130,2078,58,3,
M32,0,412,29.33,226.67,133,8.67,1833,0,4.5,3,369.69,6363,6258,5319,5980,575,3,
M32,0,412,29.33,226.67,133,8.67,1833,0,4.5,5,369.69,,7023,6433,6728,417,2,
M32,0,412,29.33,226.67,133,8.67,1833,0,4.5,28,369.69,10798,10044,9290,10044,754,3,
M33,0,362.67,42.67,261.33,133,8.67,1833,0,4.5,1,335.74,1225,1195,1170,1197,28,3,
M33,0,362.67,42.67,261.33,133,8.67,1833,0,4.5,3,335.74,4643,4423,4353,4473,151,3,
M33,0,362.67,42.67,261.33,133,8.67,1833,0,4.5,5,335.74,7015,6338,,6677,479,2,
M33,0,362.67,42.67,261.33,133,8.67,1833,0,4.5,28,335.74,8688,8130,,8409,395,2,
M34,0,277.33,118.67,270.67,133,8.67,1833,0,4.5,1,273.23,495,470,493,486,14,3,
M34,0,277.33,118.67,270.67,133,8.67,1833,0,4.5,3,273.23,2883,3130,3208,3074,170,3,
M34,0,277.33,118.67,270.67,133,8.67,1833,0,4.5,5,273.23,4625,4565,,4595,42,2,
M34,0,277.33,118.67,270.67,133,8.67,1833,0,4.5,28,273.23,8010,9015,8170,8398,540,3,
M35,0,201.33,172,293.33,167,3.33,1833,0,4.5,1,200.1,250,,225,238,18,2,
M35,0,201.33,172,293.33,167,3.33,1833,0,4.5,3,200.1,2083,2048,2065,2065,18,3,
M35,0,201.33,172,293.33,167,3.33,1833,0,4.5,5,200.1,2953,3145,3190,3096,126,3,
M35,0,201.33,172,293.33,167,3.33,1833,0,4.5,28,200.1,5118,,5693,5406,407,2,
M36,0,229.33,137.33,300,133,8.67,1833,0,4.5,1,239.68,101,110,100,104,6,3,
M36,0,229.33,137.33,300,133,8.67,1833,0,4.5,3,239.68,3453,3725,,3589,192,2,
M36,0,229.33,137.33,300,133,8.67,1833,0,4.5,5,239.68,4550,4129,,4340,298,2,
M36,0,229.33,137.33,300,133,8.67,1833,0,4.5,28,239.68,9745,9230,,9488,364,2,
M37,0,396,45.33,226.67,133,8.67,1833,0,4.5,1,357.2,1235,1250,1090,1192,88,3,
M37,0,396,45.33,226.67,133,8.67,1833,0,4.5,3,357.2,5355,4955,5595,5302,323,3,
M37,0,396,45.33,226.67,133,8.67,1833,0,4.5,5,357.2,7403,6373,6995,6924,519,3,
M37,0,396,45.33,226.67,133,8.67,1833,0,4.5,28,357.2,7668,7848,,7758,127,2,
M38,0,341.33,101.33,225.33,133,8.67,1833,0,4.5,1,317.6,845,813,908,855,48,3,
M38,0,341.33,101.33,225.33,133,8.67,1833,0,4.5,3,317.6,4745,,4963,4854,154,2,
M38,0,341.33,101.33,225.33,133,8.67,1833,0,4.5,5,317.6,6185,5575,5648,5803,333,3,
M38,0,341.33,101.33,225.33,133,8.67,1833,0,4.5,28,317.6,8738,9713,8265,8905,738,3,
M39,0,400,0,0,80,10.67,2100,0,22,1,348.19,2728,2325,2460,2504,205,3,
M39,0,400,0,0,80,10.67,2100,0,22,3,348.19,3270,3570,2970,3270,300,3,
M39,0,400,0,0,80,10.67,2100,0,22,5,348.19,3808,,4178,3993,262,2,
M39,0,400,0,0,80,10.67,2100,0,22,28,348.19,4185,,4215,4200,21,2,
M40,0,229.33,0,0,45,13.33,2271,0,22,1,228.71,160,144,144,149,9,3,
M40,0,229.33,0,0,45,13.33,2271,0,22,3,228.71,1250,1238,1353,1280,63,3,
M40,0,229.33,0,0,45,13.33,2271,0,22,28,228.71,1510,1468,1288,1422,118,3,
M41,0,122.67,32,54.67,43,10.67,2289,0,22,1,143.17,173,165,175,171,5,3,
M41,0,122.67,32,54.67,43,10.67,2289,0,22,3,143.17,,833,833,833,0,2,
M41,0,122.67,32,54.67,43,10.67,2289,0,22,28,143.17,1225,1145,1258,1209,58,3,
M42,0,97.33,2.67,70.67,83,10.67,2329,0,22,1,123.97,90,100,,95,7,2,
M42,0,97.33,2.67,70.67,83,10.67,2329,0,22,3,123.97,395,440,463,433,35,3,
M42,0,97.33,2.67,70.67,83,10.67,2329,0,22,5,123.97,505,,493,499,8,2,
M42,0,97.33,2.67,70.67,83,10.67,2329,0,22,28,123.97,985,1135,945,1022,100,3,
M43,0,314.67,112,49.33,116,10.67,2025,0,22,1,289.91,2753,2460,2740,2651,166,3,
M43,0,314.67,112,49.33,116,10.67,2025,0,22,3,289.91,4653,4060,3973,4229,370,3,
M43,0,314.67,112,49.33,116,10.67,2025,0,22,5,289.91,5315,5428,4700,5148,392,3,
M43,0,314.67,112,49.33,116,10.67,2025,0,22,28,289.91,6125,,6803,6464,479,2,
M44,0,366.67,25.33,25.33,84,10.67,2083,0,22,1,325.21,2908,2970,2983,2954,40,3,
M44,0,366.67,25.33,25.33,84,10.67,2083,0,22,3,325.21,,4558,4083,4321,336,2,
M44,0,366.67,25.33,25.33,84,10.67,2083,0,22,5,325.21,5205,5005,4363,4858,440,3,
M44,0,366.67,25.33,25.33,84,10.67,2083,0,22,28,325.21,6473,6028,5763,6088,359,3,
M45,0,66.67,68,9.33,45,13.33,2357,0,22,3,106.66,,108,113,111,4,2,
M45,0,66.67,68,9.33,45,13.33,2357,0,22,5,106.66,293,240,273,269,27,3,
M45,0,66.67,68,9.33,45,13.33,2357,0,22,28,106.66,450,,510,480,42,2,
M46,0,498.67,0,0,100,10.67,2001,0,22,1,422.64,5520,5553,,5537,23,2,
M46,0,498.67,0,0,100,10.67,2001,0,22,3,422.64,6933,6390,6908,6744,307,3,
M46,0,498.67,0,0,100,10.67,2001,0,22,28,422.64,8015,,7823,7919,136,2,
M47,0,160,13.33,16,64,10.67,2311,0,22,1,167.49,75,68,,72,5,2,
M47,0,160,13.33,16,64,10.67,2311,0,22,3,167.49,568,555,,562,9,2,
M47,0,160,13.33,16,64,10.67,2311,0,22,5,167.49,673,610,625,636,33,3,
M47,0,160,13.33,16,64,10.67,2311,0,22,28,167.49,758,,773,766,11,2,
M48,0,334.67,104,50.67,99,10.67,2011,0,22,1,305.08,4225,4368,,4297,101,2,
M48,0,334.67,104,50.67,99,10.67,2011,0,22,3,305.08,,5088,4730,4909,253,2,
M48,0,334.67,104,50.67,99,10.67,2011,0,22,5,305.08,6488,6115,7070,6558,481,3,
M48,0,334.67,104,50.67,99,10.67,2011,0,22,28,305.08,8438,9290,7610,8446,840,3,
M49,0,886.67,9.33,56,249,2.67,1549,0,22,1,694.58,8288,7233,8070,7864,557,3,
M49,0,886.67,9.33,56,249,2.67,1549,0,22,3,694.58,7340,8288,8288,7972,547,3,
M49,0,886.67,9.33,56,249,2.67,1549,0,22,28,694.58,8068,7890,8748,8235,453,3,
M50,0,894.67,25.33,58.67,240,2.67,1521,0,22,1,701.42,7738,7580,7595,7638,87,3,
M50,0,894.67,25.33,58.67,240,2.67,1521,0,22,3,701.42,8345,8603,8358,8435,145,3,
M50,0,894.67,25.33,58.67,240,2.67,1521,0,22,5,701.42,8443,8443,8443,8443,0,3,
M50,0,894.67,25.33,58.67,240,2.67,1521,0,22,28,701.42,11155,10503,9685,10448,737,3,
M51,0,240.78,207.09,352.13,287,0,1700,0,22,1,224.36,1343,1280,1333,1319,34,3,
M51,0,240.78,207.09,352.13,287,0,1700,0,22,3,224.36,2323,2433,2310,2355,68,3,
M51,0,240.78,207.09,352.13,287,0,1700,0,22,5,224.36,3150,3198,3420,3256,144,3,
M51,0,240.78,207.09,352.13,287,0,1700,0,22,28,224.36,6860,6543,7678,7027,586,3,
M52,0,229.38,137.29,300,233,0,1833,0,22,1,209.07,1540,1520,1495,1518,23,3,
M52,0,229.38,137.29,300,233,0,1833,0,22,3,209.07,2683,3005,2895,2861,164,3,
M52,0,229.38,137.29,300,233,0,1833,0,22,5,209.07,3895,4460,3880,4078,331,3,
M52,0,229.38,137.29,300,233,0,1833,0,22,28,209.07,7233,8388,7365,7662,632,3,
M53,0,316,112.14,49,167,0,2025,0,22,1,253.73,2398,2645,,2522,175,2,
M53,0,316,112.14,49,167,0,2025,0,22,3,253.73,3378,3318,3653,3450,179,3,
M53,0,316,112.14,49,167,0,2025,0,22,5,253.73,4233,3933,4198,4121,164,3,
M53,0,316,112.14,49,167,0,2025,0,22,28,253.73,6453,6058,5523,6011,467,3,
M54,0,49.33,112,316,167,0,2025,0,22,1,72.99,175,188,178,180,7,3,
M54,0,49.33,112,316,167,0,2025,0,22,3,72.99,420,455,433,436,18,3,
M54,0,49.33,112,316,167,0,2025,0,22,5,72.99,805,793,803,800,6,3,
M54,0,49.33,112,316,167,0,2025,0,22,28,72.99,3800,3695,3508,3668,148,3,
M55,0,253.33,160,306.67,252,0,1947,0,22,1,228.88,1318,1343,1403,1355,44,3,
M55,0,253.33,160,306.67,252,0,1947,0,22,3,228.88,2670,2685,2968,2774,168,3,
M55,0,253.33,160,306.67,252,0,1947,0,22,5,228.88,3760,3993,3950,3901,124,3,
M55,0,253.33,160,306.67,252,0,1947,0,22,28,228.88,7165,6585,6033,6594,566,3,
M56,0,229.33,164,273.33,233,0,2000,0,22,1,207.94,1158,1198,1185,1180,20,3,
M56,0,229.33,164,273.33,233,0,2000,0,22,3,207.94,2668,2368,2723,2586,191,3,
M56,0,229.33,164,273.33,233,0,2000,0,22,5,207.94,3445,3720,3525,3563,141,3,
M56,0,229.33,164,273.33,233,0,2000,0,22,28,207.94,6863,6278,7255,6799,492,3,
M57,0,229.33,0,300,200,1.33,1967,0,22,1,210.23,1455,1443,1460,1453,9,3,
M57,0,229.33,0,300,200,1.33,1967,0,22,3,210.23,2975,3035,2845,2952,97,3,
M57,0,229.33,0,300,200,1.33,1967,0,22,5,210.23,3945,3973,3860,3926,59,3,
M57,0,229.33,0,300,200,1.33,1967,0,22,28,210.23,7388,6500,6820,6903,450,3,
M58,0,240,0,433.33,240,0,1833,0,22,1,224.78,1300,1333,1340,1324,21,3,
M58,0,240,0,433.33,240,0,1833,0,22,3,224.78,3310,3373,3078,3254,155,3,
M58,0,240,0,433.33,240,0,1833,0,22,5,224.78,3893,4150,4253,4099,185,3,
M58,0,240,0,433.33,240,0,1833,0,22,28,224.78,7005,7140,6518,6888,327,3,
M59,0,870,0,120,287,0,1510,0,4.5,1,677.46,3100,3463,3285,3283,182,3,
M59,0,870,0,120,287,0,1510,0,4.5,3,677.46,6218,5755,6333,6102,306,3,
M59,0,870,0,120,287,0,1510,0,4.5,5,677.46,5785,6953,6608,6449,600,3,
M60,0,498.67,216,0,267,0,1785,0,4.5,1,391.47,565,548,470,528,51,3,
M60,0,498.67,216,0,267,0,1785,0,4.5,3,391.47,3058,2953,3315,3109,186,3,
M60,0,498.67,216,0,267,0,1785,0,4.5,5,391.47,4018,3848,3998,3955,93,3,
M61,0,110.27,0,1156.4,443,0,1233,0,22,1,185.82,,308,303,306,4,2,
M61,0,110.27,0,1156.4,443,0,1233,0,22,3,185.82,2065,2208,2045,2106,89,3,
M61,0,110.27,0,1156.4,443,0,1233,0,22,5,185.82,3550,3403,3298,3417,127,3,
M61,0,110.27,0,1156.4,443,0,1233,0,22,28,185.82,3550,3403,3298,3417,127,3,
M62,0,168.53,14.53,397.33,203,0,1920,0,22,1,168.26,1005,1030,1008,1014,14,3,
M62,0,168.53,14.53,397.33,203,0,1920,0,22,3,168.26,2505,2635,2590,2577,66,3,
M62,0,168.53,14.53,397.33,203,0,1920,0,22,5,168.26,3470,3723,3800,3664,173,3,
M62,0,168.53,14.53,397.33,203,0,1920,0,22,28,168.26,,6953,7060,7007,76,2,
M63,0,0,0,1198.67,286.67,0,1301.33,0,22,3,105.82,293,268,283,281,13,3,
M63,0,0,0,1198.67,286.67,0,1301.33,0,22,5,105.82,900,890,903,898,7,3,
M63,0,0,0,1198.67,286.67,0,1301.33,0,22,28,105.82,,3593,4010,3802,295,2,
M64,0,129.47,2.67,438,225.33,0,1857.33,0,22,1,140.77,630,593,610,611,19,3,
M64,0,129.47,2.67,438,225.33,0,1857.33,0,22,3,140.77,2245,,2165,2205,57,2,
M64,0,129.47,2.67,438,225.33,0,1857.33,0,22,5,140.77,3688,3598,3608,3631,49,3,
M64,0,129.47,2.67,438,225.33,0,1857.33,0,22,28,140.77,5873,6008,5975,5952,70,3,
M65,0,49.33,44,632,253.33,0,1773.33,0,22,1,97.31,203,213,215,210,6,3,
M65,0,49.33,44,632,253.33,0,1773.33,0,22,3,97.31,1455,1593,1468,1505,76,3,
M65,0,49.33,44,632,253.33,0,1773.33,0,22,5,97.31,2870,2660,3020,2850,181,3,
M65,0,49.33,44,632,253.33,0,1773.33,0,22,28,97.31,5250,4845,4940,5012,212,3,
M66,0,194.67,13.33,781.33,345.33,0,1512,0,22,1,219.72,615,653,658,642,24,3,
M66,0,194.67,13.33,781.33,345.33,0,1512,0,22,3,219.72,2358,2515,2643,2505,143,3,
M66,0,194.67,13.33,781.33,345.33,0,1512,0,22,5,219.72,3345,3820,3900,3688,300,3,
M66,0,194.67,13.33,781.33,345.33,0,1512,0,22,28,219.72,7955,7025,7133,7371,509,3,
M67,0,666.67,0,0,200,5.33,1833,0,22,1,530.24,4770,4845,5595,5070,456,3,
M67,0,666.67,0,0,200,5.33,1833,0,22,3,530.24,6799,6118,6184,6367,376,3,
M67,0,666.67,0,0,200,5.33,1833,0,22,5,530.24,7112,7165,7069,7115,48,3,
M67,0,666.67,0,0,200,5.33,1833,0,22,28,530.24,7902,8337,8337,8192,251,3,
M68,0,666.67,0,0,267,2.67,1833,0,22,1,521.67,4493,4090,,4292,285,2,
M68,0,666.67,0,0,267,2.67,1833,0,22,3,521.67,5525,5895,5195,5538,350,3,
M68,0,666.67,0,0,267,2.67,1833,0,22,5,521.67,6343,5642,,5993,496,2,
M68,0,666.67,0,0,267,2.67,1833,0,22,28,521.67,6590,7570,7068,7076,490,3,
M69,0,666.67,0,0,333,0,1833,0,22,1,513.07,,1928,1890,1909,27,2,
M69,0,666.67,0,0,333,0,1833,0,22,3,513.07,,3198,3010,3104,133,2,
M69,0,666.67,0,0,333,0,1833,0,22,5,513.07,,4158,3913,4036,173,2,
M69,0,666.67,0,0,333,0,1833,0,22,28,513.07,6093,5795,5763,5884,182,3,
C1,0,667,0,0,267,2.14,755,1037,22,1,521.11,2675,3045,3163,2961,255,3,10
C1,0,667,0,0,267,2.14,755,1037,22,3,521.11,5289,4400,4886,4858,445,3,10
C1,0,667,0,0,267,2.14,755,1037,22,5,521.11,5617,5980,5730,5776,186,3,10
C1,0,667,0,0,267,2.14,755,1037,22,14,521.11,6230,6110,6111,6150,69,3,10
C1,0,667,0,0,267,2.14,755,1037,22,28,521.11,7992,8120,,8056,91,2,10
C2,0,667,0,0,267,2.14,611,1176,22,1,521.27,4874,4566,5252,4897,344,3,10
C2,0,667,0,0,267,2.14,611,1176,22,3,521.27,6794,6471,7168,6811,349,3,10
C2,0,667,0,0,267,2.14,611,1176,22,5,521.27,7718,7438,7167,7441,276,3,10
C2,0,667,0,0,267,2.14,611,1176,22,14,521.27,8425,7963,8701,8363,373,3,10
C2,0,667,0,0,267,2.14,611,1176,22,28,521.27,9644,9656,9173,9491,275,3,10
C3,0,667,0,0,267,2.14,423,1356,22,1,521.47,4220,4628,4492,4447,208,3,10
C3,0,667,0,0,267,2.14,423,1356,22,3,521.47,6164,6094,6391,6216,155,3,10
C3,0,667,0,0,267,2.14,423,1356,22,5,521.47,,7651,7500,7576,107,2,10
C3,0,667,0,0,267,2.14,423,1356,22,14,521.47,8378,8639,8711,8576,175,3,10
C3,0,667,0,0,267,2.14,423,1356,22,28,521.47,9594,8969,9489,9351,335,3,10
C4,0,667,0,0,267,2.14,815,928,22,1,520.87,5244,5033,5494,5257,231,3,10
C4,0,667,0,0,267,2.14,815,928,22,3,520.87,,7260,7131,7196,91,2,10
C4,0,667,0,0,267,2.14,815,928,22,5,520.87,7576,7824,7661,7687,126,3,10
C4,0,667,0,0,267,2.14,815,928,22,14,520.87,9031,8722,9265,9006,272,3,10
C4,0,667,0,0,267,2.14,815,928,22,28,520.87,9111,9617,9742,9490,334,3,10
C5,0,201,173,293,167,3.56,611,1176,22,1,200.73,894,869,941,901,37,3,10
C5,0,201,173,293,167,3.56,611,1176,22,3,200.73,5613,5638,5627,5626,13,3,10
C5,0,201,173,293,167,3.56,611,1176,22,5,200.73,8335,8081,8152,8189,131,3,10
C5,0,201,173,293,167,3.56,611,1176,22,14,200.73,12578,12080,13126,12595,523,3,10
C5,0,201,173,293,167,3.56,611,1176,22,28,200.73,14025,14834,15912,14924,947,3,10
C6,0,201,173,293,167,4.63,611,1176,22,1,204.17,1755,1926,1747,1809,101,3,10
C6,0,201,173,293,167,4.63,611,1176,22,3,204.17,5974,6010,6137,6040,86,3,10
C6,0,201,173,293,167,4.63,611,1176,22,5,204.17,8576,8503,8686,8588,92,3,10
C6,0,201,173,293,167,4.63,611,1176,22,14,204.17,13300,13759,13530,13530,230,3,10
C6,0,201,173,293,167,4.63,611,1176,22,28,204.17,16029,16652,15406,16029,623,3,10
C7,0,455,159,53,200,2.85,611,1176,22,1,371.27,5187,5271,5229,5229,42,3,7.5
C7,0,455,159,53,200,2.85,611,1176,22,3,371.27,7583,7414,7747,7581,167,3,7.5
C7,0,455,159,53,200,2.85,611,1176,22,5,371.27,8489,8593,8444,8509,76,3,7.5
C7,0,455,159,53,200,2.85,611,1176,22,14,371.27,10852,10508,11189,10850,341,3,7.5
C7,0,455,159,53,200,2.85,611,1176,22,28,371.27,12018,11814,11713,11848,155,3,7.5
C8,0,887,9,55,285,1.43,516,993,22,1,690.62,6216,5589,5978,5928,317,3,1.8
C8,0,887,9,55,285,1.43,516,993,22,3,690.62,7521,7641,7395,7519,123,3,1.8
C8,0,887,9,55,285,1.43,516,993,22,5,690.62,7973,8009,7377,7786,355,3,1.8
C8,0,887,9,55,285,1.43,516,993,22,14,690.62,8777,8522,8270,8523,254,3,1.8
C8,0,887,9,55,285,1.43,516,993,22,28,690.62,9243,9422,9131,9265,147,3,1.8
C9,0,229,137,300,200,2.49,611,1176,22,1,218.71,984,947,1135,1022,100,3,7.5
C9,0,229,137,300,200,2.49,611,1176,22,3,218.71,3572,3732,4044,3783,240,3,7.5
C9,0,229,137,300,200,2.49,611,1176,22,5,218.71,6192,6249,6110,6184,70,3,7.5
C9,0,229,137,300,200,2.49,611,1176,22,14,218.71,10159,9859,9808,9942,190,3,7.5
C9,0,229,137,300,200,2.49,611,1176,22,28,218.71,11379,11207,12059,11548,451,3,7.5
C10,0,201,173,293,267,0,611,1176,22,1,189.24,,414,464,439,35,2,8.5
C10,0,201,173,293,267,0,611,1176,22,3,189.24,2776,2523,3029,2776,253,3,8.5
C10,0,201,173,293,267,0,611,1176,22,5,189.24,3235,3711,3760,3569,290,3,8.5
C10,0,201,173,293,267,0,611,1176,22,14,189.24,5943,6111,5571,5875,276,3,8.5
C10,0,201,173,293,267,0,611,1176,22,28,189.24,8073,8239,7764,8025,241,3,8.5
C11,0,133,167,367,200,1.43,611,1176,22,1,148.6,384,396,,390,8,2,6.5
C11,0,133,167,367,200,1.43,611,1176,22,3,148.6,3287,3326,3185,3266,73,3,6.5
C11,0,133,167,367,200,1.43,611,1176,22,5,148.6,5480,5377,4719,5192,413,3,6.5
C11,0,133,167,367,200,1.43,611,1176,22,14,148.6,9508,9301,8982,9264,265,3,6.5
C11,0,133,167,367,200,1.43,611,1176,22,28,148.6,11563,11377,10773,11238,413,3,6.5
C12,0,133,533,0,200,0.53,611,1176,22,1,125.19,140,130,129,133,6,3,8.5
C12,0,133,533,0,200,0.53,611,1176,22,3,125.19,133,133,133,133,0,3,8.5
C12,0,133,533,0,200,0.53,611,1176,22,5,125.19,,157,164,161,5,2,8.5
C12,0,133,533,0,200,0.53,611,1176,22,14,125.19,2424,2208,2401,2344,119,3,8.5
C12,0,133,533,0,200,0.53,611,1176,22,28,125.19,3020,3651,3558,3410,341,3,8.5
C13,0,133,233,300,200,0.71,611,1176,22,1,142.57,153,146,163,154,9,3,1
C13,0,133,233,300,200,0.71,611,1176,22,3,142.57,2390,2188,2446,2341,136,3,1
C13,0,133,233,300,200,0.71,611,1176,22,5,142.57,3567,3950,4014,3844,242,3,1
C13,0,133,233,300,200,0.71,611,1176,22,14,142.57,7703,7842,7706,7750,79,3,1
C13,0,133,233,300,200,0.71,611,1176,22,28,142.57,10903,10576,10763,10747,164,3,1
C14,0,201,173,293,200,1.78,611,1176,22,1,195,673,610,664,649,34,3,8.3
C14,0,201,173,293,200,1.78,611,1176,22,3,195,5446,5221,4763,5143,348,3,8.3
C14,0,201,173,293,200,1.78,611,1176,22,5,195,6484,6698,7089,6757,307,3,8.3
C14,0,201,173,293,200,1.78,611,1176,22,14,195,10182,9858,10427,10156,285,3,8.3
C14,0,201,173,293,200,1.78,611,1176,22,28,195,11416,11802,11726,11648,204,3,8.3
C15,0,201,173,293,233,0.89,611,1176,22,1,192,699,757,,728,41,2,9
C15,0,201,173,293,233,0.89,611,1176,22,3,192,2675,,2468,2572,146,2,9
C15,0,201,173,293,233,0.89,611,1176,22,5,192,5231,5068,4967,5089,133,3,9
C15,0,201,173,293,233,0.89,611,1176,22,14,192,8148,8066,7724,7979,225,3,9
C15,0,201,173,293,233,0.89,611,1176,22,28,192,9639,9409,9246,9431,197,3,9
C16,0,667,0,0,333,0,611,1176,22,1,514,1825,1715,1934,1825,110,3,10.5
C16,0,667,0,0,333,0,611,1176,22,3,514,2412,,2553,2483,100,2,10.5
C16,0,667,0,0,333,0,611,1176,22,5,514,4243,4412,4073,4243,170,3,10.5
C16,0,667,0,0,333,0,611,1176,22,14,514,5706,4720,5213,5213,493,3,10.5
C16,0,667,0,0,333,0,611,1176,22,28,514,5611,,5663,5637,37,2,10.5
C17,0,467,200,0,333,0,611,1176,22,1,368,758,818,878,818,60,3,11.1
C17,0,467,200,0,333,0,611,1176,22,3,368,,1547,1395,1471,107,2,11.1
C17,0,467,200,0,333,0,611,1176,22,5,368,2250,2044,,2147,146,2,11.1
C17,0,467,200,0,333,0,611,1176,22,14,368,6047,,5706,5877,241,2,11.1
C17,0,467,200,0,333,0,611,1176,22,28,368,6130,5877,,6004,179,2,11.1
C18,0,400,267,0,333,0,611,1176,22,1,319,422,484,492,466,38,3,11.1
C18,0,400,267,0,333,0,611,1176,22,3,319,,1899,2106,2003,146,2,11.1
C18,0,400,267,0,333,0,611,1176,22,5,319,3536,,3516,3526,14,2,11.1
C18,0,400,267,0,333,0,611,1176,22,14,319,4170,,4490,4330,226,2,11.1
C18,0,400,267,0,333,0,611,1176,22,28,319,6510,6965,6575,6683,246,3,11.1
C19,0,267,400,0,233,0,611,1176,22,1,221,224,199,199,207,14,3,7.9
C19,0,267,400,0,233,0,611,1176,22,3,221,2172,2281,2331,2261,81,3,7.9
C19,0,267,400,0,233,0,611,1176,22,5,221,3696,4081,4128,3968,237,3,7.9
C19,0,267,400,0,233,0,611,1176,22,14,221,7020,6765,6999,6928,142,3,7.9
C19,0,267,400,0,233,0,611,1176,22,28,221,8313,8694,8456,8488,192,3,7.9
C20,0,200,467,0,233,0,611,1176,22,1,172,74,,83,79,6,2,8
C20,0,200,467,0,233,0,611,1176,22,3,172,627,542,585,585,43,3,8
C20,0,200,467,0,233,0,611,1176,22,5,172,1845,,1872,1859,19,2,8
C20,0,200,467,0,233,0,611,1176,22,14,172,4594,4686,4585,4622,56,3,8
C20,0,200,467,0,233,0,611,1176,22,28,172,5790,,5841,5816,36,2,8
C21,0,500,0,0,200,0.36,667,1282,22,1,389,4568,4293,4570,4477,159,3,3.8
C21,0,500,0,0,200,0.36,667,1282,22,3,389,5713,5694,,5704,13,2,3.8
C21,0,500,0,0,200,0.36,667,1282,22,5,389,6522,6419,7064,6668,347,3,3.8
C21,0,500,0,0,200,0.36,667,1282,22,14,389,8199,8144,7295,7879,507,3,3.8
C21,0,500,0,0,200,0.36,667,1282,22,28,389,8247,8998,7482,8242,758,3,3.8
C22,0,400,0,0,160,0.89,700,1347,22,1,315,4754,,4816,4785,44,2,0.8
C22,0,400,0,0,160,0.89,700,1347,22,3,315,7015,6435,7042,6831,343,3,0.8
C22,0,400,0,0,160,0.89,700,1347,22,5,315,7989,7738,7450,7726,270,3,0.8
C22,0,400,0,0,160,0.89,700,1347,22,14,315,8837,8639,8050,8509,409,3,0.8
C22,0,400,0,0,160,0.89,700,1347,22,28,315,9465,9967,9439,9624,298,3,0.8
C23,0,280,120,0,160,0.89,700,1347,22,1,227,2147,2148,,2148,1,2,5
C23,0,280,120,0,160,0.89,700,1347,22,3,227,,5117,5134,5126,12,2,5
C23,0,280,120,0,160,0.89,700,1347,22,5,227,7104,7455,7298,7286,176,3,5
C23,0,280,120,0,160,0.89,700,1347,22,14,227,9014,8947,,8981,47,2,5
C23,0,280,120,0,160,0.89,700,1347,22,28,227,9714,10247,10158,10040,286,3,5
C24,0,240,160,0,160,0.71,700,1347,22,1,197,981,,970,976,8,2,5.5
C24,0,240,160,0,160,0.71,700,1347,22,3,197,5090,4499,5217,4935,383,3,5.5
C24,0,240,160,0,160,0.71,700,1347,22,5,197,5960,6668,6732,6453,428,3,5.5
C24,0,240,160,0,160,0.71,700,1347,22,14,197,8918,9225,8927,9023,175,3,5.5
C24,0,240,160,0,160,0.71,700,1347,22,28,197,9944,10714,10482,10380,395,3,5.5
C25,0,80,100,220,160,0.89,700,1347,22,1,93,631,626,678,645,29,3,0.9
C25,0,80,100,220,160,0.89,700,1347,22,3,93,2211,2214,2137,2187,44,3,0.9
C25,0,80,100,220,160,0.89,700,1347,22,5,93,2962,3428,3352,3247,250,3,0.9
C25,0,80,100,220,160,0.89,700,1347,22,14,93,6313,6382,6270,6322,57,3,0.9
C25,0,80,100,220,160,0.89,700,1347,22,28,93,8328,7898,7754,7993,299,3,0.9
C26,0,160,240,0,140,0.89,700,1347,22,1,139,173,195,174,181,12,3,7.9
C26,0,160,240,0,140,0.89,700,1347,22,3,139,2906,2901,3042,2950,80,3,7.9
C26,0,160,240,0,140,0.89,700,1347,22,5,139,5148,4846,5152,5049,176,3,7.9
C26,0,160,240,0,140,0.89,700,1347,22,28,139,7531,7410,7410,7450,70,3,7.9
C27,0,120,280,0,140,0.71,700,1347,22,1,109,,80,75,78,4,2,5.9
C27,0,120,280,0,140,0.71,700,1347,22,3,109,754,814,804,791,32,3,5.9
C27,0,120,280,0,140,0.71,700,1347,22,5,109,1775,2012,1899,1895,119,3,5.9
C27,0,120,280,0,140,0.71,700,1347,22,14,109,4392,4392,4337,4374,32,3,5.9
C27,0,120,280,0,140,0.71,700,1347,22,28,109,5242,5111,5352,5235,121,3,5.9
C28,1,263,0,108,130,2.04,867,1129,22,1,223,4042,3980,3991,4004,33,3,10.3
C28,1,263,0,108,130,2.04,867,1129,22,3,223,6346,6094,5989,6143,183,3,10.3
C28,1,263,0,108,130,2.04,867,1129,22,5,223,6793,7326,6808,6976,303,3,10.3
C28,1,263,0,108,130,2.04,867,1129,22,14,223,8546,8228,8571,8448,191,3,10.3
C28,1,263,0,108,130,2.04,867,1129,22,28,223,9703,8984,9345,9344,360,3,10.3
C29,1,225,0,223,157,2.04,818,1073,22,1,204,2016,2290,2227,2178,144,3,9.8
C29,1,225,0,223,157,2.04,818,1073,22,3,204,5132,5391,4930,5151,231,3,9.8
C29,1,225,0,223,157,2.04,818,1073,22,5,204,5638,6057,5996,5897,226,3,9.8
C29,1,225,0,223,157,2.04,818,1073,22,14,204,,7384,6684,7034,495,2,9.8
C29,1,225,0,223,157,2.04,818,1073,22,28,204,8389,9337,8873,8866,474,3,9.8
C30,1,210,39,122,130,2.04,942,1054,22,1,183,1968,2018,2060,2015,46,3,11.1
C30,1,210,39,122,130,2.04,942,1054,22,3,183,4520,4860,4959,4780,230,3,11.1
C30,1,210,39,122,130,2.04,942,1054,22,5,183,5768,5179,5509,5485,295,3,11.1
C30,1,210,39,122,130,2.04,942,1054,22,14,183,7017,7287,7523,7276,253,3,11.1
C30,1,210,39,122,130,2.04,942,1054,22,28,183,8524,8382,8211,8372,157,3,11.1
C31,1,179,0,191,130,1.28,946,1051,22,1,164,2537,2563,2799,2633,144,3,6.8
C31,1,179,0,191,130,1.28,946,1051,22,3,164,4699,4773,4802,4758,53,3,6.8
C31,1,179,0,191,130,1.28,946,1051,22,5,164,5280,5390,5049,5240,174,3,6.8
C31,1,179,0,191,130,1.28,946,1051,22,14,164,7113,6942,7251,7102,155,3,6.8
C31,1,179,0,191,130,1.28,946,1051,22,28,164,8315,8469,7985,8256,247,3,6.8
C32,1,148,0,222,130,1.4,875,1121,22,1,143,1795,1682,1528,1668,134,3,9.8
C32,1,148,0,222,130,1.4,875,1121,22,3,143,4444,4131,4461,4345,186,3,9.8
C32,1,148,0,222,130,1.4,875,1121,22,5,143,5517,5620,6146,5761,337,3,9.8
C32,1,148,0,222,130,1.4,875,1121,22,14,143,,7272,7034,7153,168,2,9.8
C32,1,148,0,222,130,1.4,875,1121,22,28,143,7881,7943,7528,7784,224,3,9.8
C33,1,263,0,108,148,0.59,818,1129,22,1,218.36,2255,2312,2331,2299,40,3,5.5
C33,1,263,0,108,148,0.59,818,1129,22,3,218.36,3606,3609,3865,3693,149,3,5.5
C33,1,263,0,108,148,0.59,818,1129,22,5,218.36,4634,4498,4763,4632,133,3,5.5
C33,1,263,0,108,148,0.59,818,1129,22,14,218.36,5983,6126,5546,5885,302,3,5.5
C33,1,263,0,108,148,0.59,818,1129,22,28,218.36,6781,6551,6939,6757,195,3,5.5
C34,1,263,0,108,167,0,768,1129,22,1,216.34,1791,,1593,1692,140,2,7.3
C34,1,263,0,108,167,0,768,1129,22,3,216.34,3497,3285,2957,3246,272,3,7.3
C34,1,263,0,108,167,0,768,1129,22,5,216.34,3831,4494,3857,4061,376,3,7.3
C34,1,263,0,108,167,0,768,1129,22,14,216.34,5876,5900,5514,5763,216,3,7.3
C34,1,263,0,108,167,0,768,1129,22,28,216.34,6590,5996,6299,6295,297,3,7.3
C35,1,263,0,108,186,0,719,1129,22,1,216.22,1210,1273,1177,1220,49,3,8.8
C35,1,263,0,108,186,0,719,1129,22,3,216.22,2868,2677,2971,2839,149,3,8.8
C35,1,263,0,108,186,0,719,1129,22,5,216.22,3493,3303,3465,3420,103,3,8.8
C35,1,263,0,108,186,0,719,1129,22,14,216.22,4598,4237,4649,4495,225,3,8.8
C35,1,263,0,108,186,0,719,1129,22,28,216.22,4632,4246,5014,4631,384,3,8.8
C36,1,237,0,97,130,1.02,881,1147,22,1,199.42,,2595,2372,2484,158,2,7
C36,1,237,0,97,130,1.02,881,1147,22,3,199.42,4473,4343,4280,4365,98,3,7
C36,1,237,0,97,130,1.02,881,1147,22,5,199.42,4893,5325,5214,5144,224,3,7
C36,1,237,0,97,130,1.02,881,1147,22,14,199.42,6699,6514,6666,6626,99,3,7
C36,1,237,0,97,130,1.02,881,1147,22,28,199.42,7488,7658,7544,7563,87,3,7
C37,1,210,0,86,130,0.77,895,1166,22,1,177.2,2107,2203,2152,2154,48,3,4.3
C37,1,210,0,86,130,0.77,895,1166,22,3,177.2,3649,3733,3555,3646,89,3,4.3
C37,1,210,0,86,130,0.77,895,1166,22,5,177.2,3981,4326,4434,4247,237,3,4.3
C37,1,210,0,86,130,0.77,895,1166,22,14,177.2,6382,5566,5737,5895,430,3,4.3
C37,1,210,0,86,130,0.77,895,1166,22,28,177.2,7292,6946,6539,6926,377,3,4.3
C38,1,184,0,76,130,0,909,1184,22,1,154.15,1084,1171,1128,1128,44,3,1.3
C38,1,184,0,76,130,0,909,1184,22,3,154.15,2507,2464,2493,2488,22,3,1.3
C38,1,184,0,76,130,0,909,1184,22,5,154.15,2841,3068,3247,3052,203,3,1.3
C38,1,184,0,76,130,0,909,1184,22,14,154.15,4637,4689,4638,4655,30,3,1.3
C38,1,184,0,76,130,0,909,1184,22,28,154.15,5347,5018,5339,5235,188,3,1.3
C39,1,225,0,223,179,0,758,1073,22,1,197.15,1416,1548,1467,1477,67,3,8.5
C39,1,225,0,223,179,0,758,1073,22,3,197.15,3173,3238,3271,3227,50,3,8.5
C39,1,225,0,223,179,0,758,1073,22,5,197.15,3754,4054,4021,3943,165,3,8.5
C39,1,225,0,223,179,0,758,1073,22,14,197.15,5748,6284,5470,5834,414,3,8.5
C39,1,225,0,223,179,0,758,1073,22,28,197.15,6040,6841,7096,6659,551,3,8.5
C40,1,179,0,191,148,0.51,898,1051,22,1,161,1991,2160,1964,2038,106,3,1.9
C40,1,179,0,191,148,0.51,898,1051,22,3,161,3786,3504,3487,3592,168,3,1.9
C40,1,179,0,191,148,0.51,898,1051,22,5,161,4208,4527,4458,4398,168,3,1.9
C40,1,179,0,191,148,0.51,898,1051,22,14,161,5452,6149,5669,5757,357,3,1.9
C40,1,179,0,191,148,0.51,898,1051,22,28,161,6768,6832,6698,6766,67,3,1.9
C41,1,179,0,191,167,0,849,1051,22,1,160,1573,1533,1438,1515,69,3,5.6
C41,1,179,0,191,167,0,849,1051,22,3,160,3029,2980,2985,2998,27,3,5.6
C41,1,179,0,191,167,0,849,1051,22,5,160,3660,3330,3477,3489,165,3,5.6
C41,1,179,0,191,167,0,849,1051,22,14,160,5125,5805,5752,5561,378,3,5.6
C41,1,179,0,191,167,0,849,1051,22,28,160,6343,6190,6154,6229,100,3,5.6
C42,1,179,0,191,185,0,800,1051,22,1,160,854,883,872,870,15,3,9
C42,1,179,0,191,185,0,800,1051,22,3,161,2039,1981,2008,2009,29,3,9
C42,1,179,0,191,185,0,800,1051,22,5,161,2777,2663,2848,2763,93,3,9
C42,1,179,0,191,185,0,800,1051,22,14,161,4272,4275,4570,4372,171,3,9
C42,1,179,0,191,185,0,800,1051,22,28,161,5277,4595,4846,4906,345,3,9
C43,1,162,0,172,130,0.77,961,1068,22,1,146,1240,1344,1247,1277,58,3,6.3
C43,1,162,0,172,130,0.77,961,1068,22,3,146,2955,3000,2749,2901,134,3,6.3
C43,1,162,0,172,130,0.77,961,1068,22,5,146,3920,3762,3696,3793,115,3,6.3
C43,1,162,0,172,130,0.77,961,1068,22,14,146,4947,5027,5301,5092,186,3,6.3
C43,1,162,0,172,130,0.77,961,1068,22,28,146,5542,5828,5579,5650,156,3,6.3
C44,1,144,0,153,131,0.77,977,1085,22,1,132,1496,1533,1647,1559,79,3,1.9
C44,1,144,0,153,131,0.77,977,1085,22,3,132,3191,2873,2928,2997,170,3,1.9
C44,1,144,0,153,131,0.77,977,1085,22,5,132,3855,4040,4082,3992,121,3,1.9
C44,1,144,0,153,131,0.77,977,1085,22,14,132,5621,5928,5673,5741,164,3,1.9
C44,1,144,0,153,131,0.77,977,1085,22,28,132,6002,6321,6455,6259,233,3,1.9
C45,1,126,0,134,130,1.28,992,1103,22,1,116,668,756,707,710,44,3,5.9
C45,1,126,0,134,130,1.28,992,1103,22,3,116,1971,2045,2012,2009,37,3,5.9
C45,1,126,0,134,130,1.28,992,1103,22,5,116,2795,3041,2943,2926,124,3,5.9
C45,1,126,0,134,130,1.28,992,1103,22,14,116,4536,4271,4558,4455,160,3,5.9
C45,1,126,0,134,130,1.28,992,1103,22,28,116,4935,4972,5156,5021,118,3,5.9
C46,1,210,0,86,130,1.28,895,1166,22,1,178,2352,2225,2182,2253,88,3,6.8
C46,1,210,0,86,130,1.28,895,1166,22,3,178,3272,3380,3220,3291,82,3,6.8
C46,1,210,0,86,130,1.28,895,1166,22,5,178,4034,4356,4156,4182,163,3,6.8
C46,1,210,0,86,130,1.28,895,1166,22,14,178,5124,5472,5153,5250,193,3,6.8
C46,1,210,0,86,130,1.28,895,1166,22,28,178,6000,5948,6025,5991,39,3,6.8
C47,1,210,0,86,130,1.02,895,1166,10,1,178,1493,1558,1746,1599,131,3,6.5
C47,1,210,0,86,130,1.02,895,1166,10,3,178,2286,2079,2244,2203,109,3,6.5
C47,1,210,0,86,130,1.02,895,1166,10,5,178,3124,2939,2988,3017,96,3,6.5
C47,1,210,0,86,130,1.02,895,1166,10,14,178,4661,4335,4533,4510,164,3,6.5
C47,1,210,0,86,130,1.02,895,1166,10,28,178,5320,5423,5822,5522,265,3,6.5
C48,1,180,30,90,132,0.5,895,1166,22,1,154,1406,1440,1319,1388,62,3,1
C48,1,180,30,90,132,0.5,895,1166,22,3,154,2730,2535,2743,2669,117,3,1
C48,1,180,30,90,132,0.5,895,1166,22,5,154,3397,3197,3640,3411,222,3,1
C48,1,180,30,90,132,0.5,895,1166,22,14,154,4748,5127,5033,4969,197,3,1
C48,1,180,30,90,132,0.5,895,1166,22,28,154,5426,5289,5394,5370,72,3,1
C49,1,150,60,90,132,0.75,895,1166,22,1,133,1030,1038,1045,1038,8,3,4.5
C49,1,150,60,90,132,0.75,895,1166,22,3,133,2414,2235,2593,2414,179,3,4.5
C49,1,150,60,90,132,0.75,895,1166,22,5,133,3223,3069,2705,2999,266,3,4.5
C49,1,150,60,90,132,0.75,895,1166,22,14,133,4933,4999,4832,4921,84,3,4.5
C49,1,150,60,90,132,0.75,895,1166,22,28,133,5194,4880,5336,5137,233,3,4.5
C50,1,150,30,120,132,1.25,895,1166,22,1,136,1112,1162,1231,1168,60,3,8
C50,1,150,30,120,132,1.25,895,1166,22,3,136,3102,3222,3304,3209,102,3,8
C50,1,150,30,120,132,1.25,895,1166,22,5,136,3921,4023,4107,4017,93,3,8
C50,1,150,30,120,132,1.25,895,1166,22,14,136,5351,5710,5523,5528,180,3,8
C50,1,150,30,120,132,1.25,895,1166,22,28,136,5848,6255,6384,6162,280,3,8
C51,1,210,0,90,120,2,895,1166,22,1,181,2923,2904,3092,2973,103,3,1
C51,1,210,0,90,120,2,895,1166,22,3,181,4885,4837,4879,4867,26,3,1
C51,1,210,0,90,120,2,895,1166,22,5,181,5877,6328,5741,5982,307,3,1
C51,1,210,0,90,120,2,895,1166,22,14,181,7848,7311,7478,7546,275,3,1
C51,1,210,0,90,120,2,895,1166,22,28,181,8201,8241,8285,8242,42,3,1
C52,1,180,30,90,120,1.25,895,1166,22,1,156,1505,1653,1744,1634,121,3,7.5
C52,1,180,30,90,120,1.25,895,1166,22,3,156,3238,3225,3270,3244,23,3,7.5
C52,1,180,30,90,120,1.25,895,1166,22,5,156,4151,4155,4319,4208,96,3,7.5
C52,1,180,30,90,120,1.25,895,1166,22,14,156,6095,6543,6207,6282,233,3,7.5
C52,1,180,30,90,120,1.25,895,1166,22,28,156,6757,6490,6429,6559,174,3,7.5
C53,1,150,60,90,120,1,895,1166,22,1,134,1182,1116,1081,1126,51,3,7
C53,1,150,60,90,120,1,895,1166,22,3,134,2609,2651,2636,2632,21,3,7
C53,1,150,60,90,120,1,895,1166,22,5,134,3426,3446,3785,3552,202,3,7
C53,1,150,60,90,120,1,895,1166,22,14,134,5084,4780,5457,5107,339,3,7
C53,1,150,60,90,120,1,895,1166,22,28,134,5691,6004,5344,5680,330,3,7
C54,1,150,30,120,120,1.25,895,1166,22,1,136,1594,1732,1698,1675,72,3,7.5
C54,1,150,30,120,120,1.25,895,1166,22,3,136,3524,3746,3561,3610,119,3,7.5
C54,1,150,30,120,120,1.25,895,1166,22,5,136,4633,5062,4647,4781,244,3,7.5
C54,1,150,30,120,120,1.25,895,1166,22,14,136,6661,6952,6473,6695,241,3,7.5
C54,1,150,30,120,120,1.25,895,1166,22,28,136,6948,7025,7364,7112,221,3,7.5